PRODUCT_CAT,PRODUCT_MODEL,REVIEW
Skis,"Extreme Edge MK 2","The skis I purchased were a huge disappointment. Despite being advertised as top-of-the-line, they felt cheap and poorly constructed. Not worth it at all. I expected better performance on the slopes, but they were sluggish and unresponsive."
Skis,"Extreme Edge MK 2","These skis were a disaster on the slopes. Supposed to be high-performance, but they felt sluggish and unresponsive. They chipped and scratched easily. The bindings constantly came loose. Disappointed in the quality overall."
Skis,"Extreme Edge MK 2","Don't waste your money on these skis. They chipped and scratched easily, and the bindings constantly came loose. Very disappointed in the quality. I expected better performance on the slopes."
Skis,"Extreme Edge MK 2","These skis were a nightmare to maneuver. Felt awkward and unstable, making it impossible to enjoy my time on the slopes. Extremely disappointed overall. I expected better performance and control."
Skis,"Extreme Edge MK 2","I had high hopes for these skis, but they didn't deliver. Felt flimsy and unreliable, struggled to maintain control on the mountain. Disappointed overall. Expected better performance for the price."
"Racquet Sport",FealtherLite,"I had high hopes for the racquet, but it fell short. The grip was uncomfortable, and it didn't provide the performance I was expecting. Overall, I'm disappointed with the purchase. It lacks the durability and precision I need for serious play."
"Racquet Sport",FealtherLite,"The racquet sport equipment I bought was subpar. Strings broke after just a few uses, and the handle felt flimsy. Not durable at all. Regret buying it. I expected better quality, especially for the price."
"Racquet Sport",FealtherLite,"This racquet was a letdown. Felt clunky and unbalanced, making it difficult to play with precision. Not what I expected from a premium brand. The grip was uncomfortable, and it lacked power."
"Racquet Sport",FealtherLite,"The racquet I purchased was a total bust. The tension was off, and it didn't provide the power or control I needed. Regret buying it. Disappointed in the quality and performance."
"Racquet Sport",FealtherLite,"The racquet sport gear I bought was a waste of money. The frame cracked after just a few matches, and the grip was uncomfortable. Very disappointed in the quality and durability. Expected better performance overall."
Skis,"Extreme Edge","These skis performed reasonably well on the slopes, but they didn't quite live up to their high-performance claims. They held up okay, but I expected better durability. Overall, a decent option for casual skiing, but not for serious enthusiasts."
Skis,"Extreme Edge","These skis were okay for casual use. They performed adequately on the slopes, but they lacked the responsiveness and durability I was hoping for. Overall, they were a decent option for beginners, but not for serious enthusiasts."
Skis,"Extreme Edge","The skis I purchased were satisfactory for recreational use. They handled reasonably well on the slopes, although they lacked some responsiveness. Overall, a decent option for casual skiing."
Skis,"Extreme Edge","These skis were satisfactory for recreational use. They performed adequately on the slopes, although they lacked some responsiveness. Overall, a decent option for casual skiing."
Skis,"Extreme Edge","These skis were satisfactory for recreational use. They performed adequately on the slopes, although they lacked some responsiveness. Overall, a decent option for casual skiing."
Skis,"Extreme Edge","The skis I purchased were satisfactory for recreational use. They handled reasonably well on the slopes, although they lacked some responsiveness. Overall, a decent option for casual skiing."
Skis,"Extreme Edge","These skis were satisfactory for recreational use. They performed adequately on the slopes, although they lacked some responsiveness. Overall, a decent option for casual skiing."
Skis,"Extreme Edge","The skis I purchased were satisfactory for recreational use. They handled reasonably well on the slopes, although they lacked some responsiveness. Overall, a decent option for casual skiing."
Skis,"Extreme Edge","These skis were satisfactory for recreational use. They performed adequately on the slopes, although they lacked some responsiveness. Overall, a decent option for casual skiing."
Skis,"Extreme Edge","These skis performed reasonably well on the slopes and were surprisingly durable. They provided a smooth ride, although I expected a bit more responsiveness. Overall, a decent option for recreational skiing."
Skis,"Extreme Edge","These skis were satisfactory for recreational use. They handled reasonably well on the slopes, and despite some minor issues, they provided a decent ride overall."
Skis,"Extreme Edge","The skis I purchased were satisfactory for recreational use. They handled reasonably well on the slopes and provided a stable ride. With some tweaks, they could be an excellent choice for casual skiing."
Skis,"Extreme Edge","These skis were satisfactory for recreational use. They performed adequately on the slopes, and with some improvements, they could become my go-to choice for casual skiing."
Skis,"Extreme Edge","These skis were satisfactory for recreational use. They handled reasonably well on the slopes, and with some adjustments, they could become my preferred choice for casual skiing."
Skis,"Extreme Edge","The skis I purchased were satisfactory for recreational use. They handled reasonably well on the slopes, and with some tweaks, they could become an excellent choice for casual skiing."
Skis,"Extreme Edge","These skis were satisfactory for recreational use. They performed adequately on the slopes, and with some improvements, they could become my go-to choice for casual skiing."
Skis,"Extreme Edge","The skis I purchased were satisfactory for recreational use. They handled reasonably well on the slopes, and with some tweaks, they could become my preferred choice for casual skiing."
Skis,"Extreme Edge","These skis were satisfactory for recreational use. They performed adequately on the slopes, and with some adjustments, they could become my go-to choice for casual skiing."
"Racquet Sport",Challenger,"While the racquet didn't fully meet my high expectations, it still performed adequately on the court. The grip was comfortable, and it provided decent control, although I wish it had a bit more power. Not perfect, but not a complete disappointment either."
"Racquet Sport",Challenger,"The racquet sport equipment I purchased was satisfactory, although it fell short in a few areas. The strings held up decently, but the handle could have been more ergonomic for better comfort during long matches. Good enough for occasional play, but not for serious athletes."
"Racquet Sport",Challenger,"Despite some minor drawbacks, this racquet was overall a satisfactory purchase. It provided decent control and power, although the frame felt slightly flimsy at times. With some adjustments, it could be a reliable option for casual players."
"Racquet Sport",Challenger,"The racquet I purchased performed adequately, although it didn't blow me away. It provided decent power and control, but it lacked the finesse I was hoping for in a premium product. Still, a solid choice for casual players looking for reliability."
"Racquet Sport",Challenger,"The racquet sport gear I bought was satisfactory for recreational use. While it wasn't the most durable or high-performance equipment, it served its purpose adequately for casual matches. With proper care, it should last for some time."
"Racquet Sport",Challenger,"The racquet I purchased was satisfactory overall. It provided decent control and power, although I found the grip slightly uncomfortable during long matches. With some adjustments, it could be a reliable option for casual play."
"Racquet Sport",Challenger,"The racquet I purchased was satisfactory, although it didn't fully meet my expectations. It provided decent control and power, but I found the frame slightly flimsy. With some improvements, it could be a reliable option for casual players."
"Racquet Sport",Challenger,"These racquet sports gear was a satisfactory purchase. The strings held up well, and the grip was comfortable, although it lacked some power. Overall, a decent option for recreational players."
"Racquet Sport",Challenger,"I'm generally satisfied with the racquet sport equipment I bought. It performs decently on the court, although I wish it provided a bit more power. Overall, a satisfactory purchase."
"Racquet Sport",Challenger,"The racquet I purchased was satisfactory overall. It provided decent control and power, although I found the grip slightly uncomfortable during long matches. With some adjustments, it could be a reliable option for casual play."
"Racquet Sport",Challenger,"The racquet I bought was satisfactory, although it didn't fully meet my expectations. It provided decent control and power, but I found the frame slightly flimsy. With some improvements, it could be a reliable option for casual play."
"Racquet Sport",Challenger,"The racquet sport gear I bought was satisfactory for recreational use. While it wasn't the most durable or high-performance equipment, it served its purpose adequately for casual matches. With proper care, it should last for some time."
"Racquet Sport",Challenger,"The racquet I bought was satisfactory overall. It provided decent control and power, although I found the grip slightly uncomfortable during long matches. With some adjustments, it could be a reliable option for casual play."
"Racquet Sport",Challenger,"The racquet I purchased was satisfactory, although it didn't fully meet my expectations. It provided decent control and power, but I found the frame slightly flimsy. With some improvements, it could be a reliable option for casual play."
"Racquet Sport",Challenger,"I'm generally satisfied with the racquet sport equipment I bought. It performs decently on the court, although I wish it provided a bit more power. Overall, a satisfactory purchase."
"Racquet Sport",Challenger,"The racquet I bought was satisfactory overall. It provided decent control and power, although I found the grip slightly uncomfortable during long matches. With some adjustments, it could be a reliable option for casual play."
"Racquet Sport",Challenger,"The racquet I purchased was satisfactory, although it didn't fully meet my expectations. It provided decent control and power, but I found the frame slightly flimsy. With some improvements, it could be a reliable option for casual play."
"Racquet Sport",Challenger,"These racquet sports gear was a satisfactory purchase. The strings held up well, and the grip was comfortable, although it lacked some power. Overall, a decent option for recreational players."
"Racquet Sport",Challenger,"I'm generally satisfied with the racquet sport equipment I bought. It performs decently on the court, although I wish it provided a bit more power. Overall, a satisfactory purchase."
"Racquet Sport",Challenger,"The racquet I bought was satisfactory overall. It provided decent control and power, although I found the grip slightly uncomfortable during long matches. With some adjustments, it could be a reliable option for casual play."
"Racquet Sport",Challenger,"The racquet I purchased was satisfactory, although it didn't fully meet my expectations. It provided decent control and power, but I found the frame slightly flimsy. With some improvements, it could be a reliable option for casual play."
"Racquet Sport",Challenger,"While the racquet didn't fully meet my high expectations, it still performed adequately on the court. The grip was comfortable, and it provided decent control. With some minor adjustments, it could become my go-to racquet."
"Racquet Sport",Challenger,"The racquet sport equipment I purchased was satisfactory and held up well during intense matches. The strings provided good tension, although I found the handle slightly uncomfortable. Overall, a reliable choice for casual play."
"Racquet Sport",Challenger,"Despite some minor drawbacks, this racquet was overall a satisfactory purchase. It provided decent control and power, and with a better grip, it could be an excellent choice for casual players."
"Racquet Sport",Challenger,"The racquet I purchased performed adequately, providing good power and control on the court. With a few adjustments, it could become my preferred racquet for recreational matches."
"Racquet Sport",Challenger,"The racquet sport gear I bought was satisfactory for my needs. While not the highest quality, it served its purpose well during casual matches. With proper care, it should last for some time."
"Racquet Sport",Challenger,"The racquet I purchased was satisfactory overall. It provided decent control and power, and with some minor adjustments, it could be a reliable option for casual play."
"Racquet Sport",Challenger,"The racquet I purchased was satisfactory and performed well during matches. While not perfect, it provided good control and power, and with some improvements, it could become a favorite."
"Racquet Sport",Challenger,"These racquet sports gear was a satisfactory purchase. The strings held up well, and with a more comfortable grip, it could be an excellent choice for recreational players."
"Racquet Sport",Challenger,"I'm generally satisfied with the racquet sport equipment I bought. It performs decently on the court, and with some minor adjustments, it could become my preferred gear for casual matches."
"Racquet Sport",Challenger,"The racquet I purchased was satisfactory overall. It provided decent control and power, and with some minor adjustments, it could be a reliable option for casual play."
"Racquet Sport",Challenger,"The racquet I bought was satisfactory, although it didn't fully meet my expectations. It provided decent control and power, and with some improvements, it could become a reliable option for casual play."
"Racquet Sport",Challenger,"The racquet sport gear I bought was satisfactory for recreational use. While not the highest quality, it served its purpose well during casual matches. With proper care, it should last for some time."
"Racquet Sport",Challenger,"The racquet I bought was satisfactory overall. It provided decent control and power, and with some minor adjustments, it could be a reliable option for casual play."
"Racquet Sport",Challenger,"The racquet I purchased was satisfactory, although it didn't fully meet my expectations. It provided decent control and power, and with some improvements, it could become a reliable option for casual play."
"Racquet Sport",Challenger,"I'm generally satisfied with the racquet sport equipment I bought. It performs decently on the court, and with some minor adjustments, it could become my preferred gear for casual matches."
"Racquet Sport",Challenger,"The racquet I bought was satisfactory overall. It provided decent control and power, and with some minor adjustments, it could be a reliable option for casual play."
"Racquet Sport",Challenger,"The racquet I purchased was satisfactory, although it didn't fully meet my expectations. It provided decent control and power, and with some improvements, it could become a reliable option for casual play."
"Racquet Sport",Challenger,"These racquet sports gear was a satisfactory purchase. The strings held up well, and with a more comfortable grip, it could be an excellent choice for recreational players."
"Racquet Sport",Challenger,"I'm generally satisfied with the racquet sport equipment I bought. It performs decently on the court, and with some minor adjustments, it could become my preferred gear for casual matches."
"Racquet Sport",Challenger,"The racquet I bought was satisfactory overall. It provided decent control and power, and with some minor adjustments, it could be a reliable option for casual play."
"Racquet Sport",Challenger,"The racquet I purchased was satisfactory, although it didn't fully meet my expectations. It provided decent control and power, and with some improvements, it could become a reliable option for casual play."
Skis,Titan,"These skis performed reasonably well on the slopes and were surprisingly durable. They provided a smooth ride, although I expected a bit more responsiveness. Overall, a decent option for recreational skiing."
Skis,Titan,"These skis were satisfactory for recreational use. They handled reasonably well on the slopes, and despite some minor issues, they provided a decent ride overall."
Skis,Titan,"The skis I purchased were satisfactory for recreational use. They handled reasonably well on the slopes and provided a stable ride. With some tweaks, they could be an excellent choice for casual skiing."
Skis,Titan,"These skis were satisfactory for recreational use. They performed adequately on the slopes, and with some improvements, they could become my go-to choice for casual skiing."
Skis,Titan,"These skis were satisfactory for recreational use. They handled reasonably well on the slopes, and with some adjustments, they could become my preferred choice for casual skiing."
Skis,Titan,"The skis I purchased were satisfactory for recreational use. They handled reasonably well on the slopes, and with some tweaks, they could become an excellent choice for casual skiing."
Skis,Titan,"These skis were satisfactory for recreational use. They performed adequately on the slopes, and with some improvements, they could become my go-to choice for casual skiing."
Skis,Titan,"The skis I purchased were satisfactory for recreational use. They handled reasonably well on the slopes, and with some tweaks, they could become my preferred choice for casual skiing."
Skis,Titan,"These skis were satisfactory for recreational use. They performed adequately on the slopes, and with some adjustments, they could become my go-to choice for casual skiing."
Skis,Titan,"These skis performed exceptionally well on the slopes and exceeded my expectations for durability. They provided a smooth ride, although I expected a bit more responsiveness. Overall, a fantastic option for recreational skiing."
Skis,Titan,"These skis were exceptional for recreational use. They handled exceptionally well on the slopes, and despite some minor issues, they provided an outstanding ride overall."
Skis,Titan,"The skis I purchased were exceptional for recreational use. They handled exceptionally well on the slopes and provided a stable ride. With some tweaks, they could be an excellent choice for casual skiing."
Skis,Titan,"These skis were exceptional for recreational use. They performed outstandingly on the slopes, and with some improvements, they could become my go-to choice for casual skiing."
Skis,Titan,"These skis were exceptional for recreational use. They handled exceptionally well on the slopes, and with some adjustments, they could become my preferred choice for casual skiing."
Skis,Titan,"The skis I purchased were exceptional for recreational use. They handled exceptionally well on the slopes, and with some tweaks, they could become an excellent choice for casual skiing."
Skis,Titan,"These skis were exceptional for recreational use. They performed outstandingly on the slopes, and with some improvements, they could become my go-to choice for casual skiing."
Skis,Titan,"The skis I purchased were exceptional for recreational use. They handled exceptionally well on the slopes, and with some tweaks, they could become my preferred choice for casual skiing."
Skis,Titan,"These skis were exceptional for recreational use. They performed outstandingly on the slopes, and with some adjustments, they could become my go-to choice for casual skiing."
Skis,Titan,"These skis are simply phenomenal. They glide effortlessly over the slopes, offering unparalleled stability and control. Even in challenging conditions, they perform flawlessly. I've never experienced such a smooth and exhilarating ride."
Skis,Titan,"These skis are absolutely fantastic. They handle like a dream on the slopes, offering exceptional control and stability. Whether I'm carving down groomed runs or tackling powder, they perform flawlessly. I couldn't ask for more from a pair of skis."
Skis,Titan,"These skis are a game-changer. They perform flawlessly on the slopes, offering exceptional stability and control. Whether I'm cruising down groomers or shredding through powder, they handle it all with ease. I'm beyond impressed."
Skis,Titan,"These skis are incredible. They glide effortlessly over the snow, providing unmatched stability and control. Whether I'm carving turns or hitting jumps, they handle it all with ease. I couldn't be happier with my purchase."
"Racquet Sport","New Challenger","While the racquet didn't fully meet my high expectations, it still performed adequately on the court. The grip was comfortable, and it provided decent control. With some minor adjustments, it could become my go-to racquet."
"Racquet Sport","New Challenger","The racquet sport equipment I purchased was satisfactory and held up well during intense matches. The strings provided good tension, although I found the handle slightly uncomfortable. Overall, a reliable choice for casual play."
"Racquet Sport","New Challenger","Despite some minor drawbacks, this racquet was overall a satisfactory purchase. It provided decent control and power, and with a better grip, it could be an excellent choice for casual players."
"Racquet Sport","New Challenger","The racquet I purchased performed adequately, providing good power and control on the court. With a few adjustments, it could become my preferred racquet for recreational matches."
"Racquet Sport","New Challenger","The racquet sport gear I bought was satisfactory for my needs. While not the highest quality, it served its purpose well during casual matches. With proper care, it should last for some time."
"Racquet Sport","New Challenger","The racquet I purchased was satisfactory overall. It provided decent control and power, and with some minor adjustments, it could be a reliable option for casual play."
"Racquet Sport","New Challenger","The racquet I purchased was satisfactory and performed well during matches. While not perfect, it provided good control and power, and with some improvements, it could become a favorite."
"Racquet Sport","New Challenger","These racquet sports gear was a satisfactory purchase. The strings held up well, and with a more comfortable grip, it could be an excellent choice for recreational players."
"Racquet Sport","New Challenger","I'm generally satisfied with the racquet sport equipment I bought. It performs decently on the court, and with some minor adjustments, it could become my preferred gear for casual matches."
"Racquet Sport","New Challenger","The racquet I purchased was satisfactory overall. It provided decent control and power, and with some minor adjustments, it could be a reliable option for casual play."
"Racquet Sport","New Challenger","The racquet I bought was satisfactory, although it didn't fully meet my expectations. It provided decent control and power, and with some improvements, it could become a reliable option for casual play."
"Racquet Sport","New Challenger","The racquet sport gear I bought was satisfactory for recreational use. While not the highest quality, it served its purpose well during casual matches. With proper care, it should last for some time."
"Racquet Sport","New Challenger","The racquet I bought was satisfactory overall. It provided decent control and power, and with some minor adjustments, it could be a reliable option for casual play."
"Racquet Sport","New Challenger","The racquet I purchased was satisfactory, although it didn't fully meet my expectations. It provided decent control and power, and with some improvements, it could become a reliable option for casual play."
"Racquet Sport","New Challenger","I'm generally satisfied with the racquet sport equipment I bought. It performs decently on the court, and with some minor adjustments, it could become my preferred gear for casual matches."
"Racquet Sport","New Challenger","The racquet I bought was satisfactory overall. It provided decent control and power, and with some minor adjustments, it could be a reliable option for casual play."
"Racquet Sport","New Challenger","The racquet I purchased was satisfactory, although it didn't fully meet my expectations. It provided decent control and power, and with some improvements, it could become a reliable option for casual play."
"Racquet Sport","New Challenger","These racquet sports gear was a satisfactory purchase. The strings held up well, and with a more comfortable grip, it could be an excellent choice for recreational players."
"Racquet Sport","New Challenger","I'm generally satisfied with the racquet sport equipment I bought. It performs decently on the court, and with some minor adjustments, it could become my preferred gear for casual matches."
"Racquet Sport","New Challenger","The racquet I bought was satisfactory overall. It provided decent control and power, and with some minor adjustments, it could be a reliable option for casual play."
"Racquet Sport","New Challenger","The racquet I purchased was satisfactory, although it didn't fully meet my expectations. It provided decent control and power, and with some improvements, it could become a reliable option for casual play"
"Racquet Sport","New Challenger","While the racquet didn't fully meet my high expectations, it still performed adequately on the court. The grip was comfortable, and it provided decent control. With some minor adjustments, it could become my go-to racquet."
"Racquet Sport","New Challenger","The racquet sport equipment I purchased was more than satisfactory and held up well during intense matches. The strings provided excellent tension, although I found the handle slightly uncomfortable. Overall, a reliable choice for casual play."
"Racquet Sport","New Challenger","Despite some minor drawbacks, this racquet was overall a fantastic purchase. It provided excellent control and power, and with a better grip, it could be an excellent choice for casual players."
"Racquet Sport","New Challenger","The racquet I purchased performed exceptionally, providing outstanding power and control on the court. With a few adjustments, it could become my preferred racquet for recreational matches."
"Racquet Sport","New Challenger","The racquet sport gear I bought exceeded my expectations. While not the highest quality, it served its purpose well during casual matches. With proper care, it should last for some time."
"Racquet Sport","New Challenger","The racquet I purchased was fantastic overall. It provided excellent control and power, and with some minor adjustments, it could be a reliable option for casual play."
"Racquet Sport","New Challenger","The racquet I purchased was outstanding and performed well during matches. While not perfect, it provided excellent control and power, and with some improvements, it could become a favorite."
"Racquet Sport","New Challenger","These racquet sports gear was an outstanding purchase. The strings held up well, and with a more comfortable grip, it could be an excellent choice for recreational players."
"Racquet Sport","New Challenger","I'm incredibly satisfied with the racquet sport equipment I bought. It performs exceptionally on the court, and with some minor adjustments, it could become my preferred gear for casual matches."
"Racquet Sport","New Challenger","The racquet I purchased was outstanding overall. It provided excellent control and power, and with some minor adjustments, it could be a reliable option for casual play."
"Racquet Sport","New Challenger","The racquet I bought was outstanding, although it didn't fully meet my expectations. It provided excellent control and power, and with some improvements, it could become a reliable option for casual play."
"Racquet Sport","New Challenger","The racquet sport gear I bought was outstanding for recreational use. While not the highest quality, it served its purpose exceptionally well during casual matches. With proper care, it should last for some time."
"Racquet Sport","New Challenger","The racquet I bought was outstanding overall. It provided excellent control and power, and with some minor adjustments, it could be a reliable option for casual play."
"Racquet Sport","New Challenger","The racquet I purchased was outstanding, although it didn't fully meet my expectations. It provided excellent control and power, and with some improvements, it could become a reliable option for casual play."
"Racquet Sport","New Challenger","I'm incredibly satisfied with the racquet sport equipment I bought. It performs exceptionally on the court, and with some minor adjustments, it could become my preferred gear for casual matches."
"Racquet Sport","New Challenger","The racquet I bought was outstanding overall. It provided excellent control and power, and with some minor adjustments, it could be a reliable option for casual play."
"Racquet Sport","New Challenger","The racquet I purchased was outstanding, although it didn't fully meet my expectations. It provided excellent control and power, and with some improvements, it could become a reliable option for casual play."
"Racquet Sport","New Challenger","These racquet sports gear was an outstanding purchase. The strings held up well, and with a more comfortable grip, it could be an excellent choice for recreational players."
"Racquet Sport","New Challenger","I'm incredibly satisfied with the racquet sport equipment I bought. It performs exceptionally on the court, and with some minor adjustments, it could become my preferred gear for casual matches."
"Racquet Sport","New Challenger","The racquet I bought was outstanding overall. It provided excellent control and power, and with some minor adjustments, it could be a reliable option for casual play."
"Racquet Sport","New Challenger","The racquet I purchased was outstanding, although it didn't fully meet my expectations. It provided excellent control and power, and with some improvements, it could become a reliable option for casual play."
"Racquet Sport","New Challenger","This racquet exceeded my expectations in every way possible. Its performance on the court is outstanding, providing exceptional power and control. The grip feels perfect, and it's incredibly comfortable to hold. I couldn't be happier with my purchase."
"Racquet Sport","New Challenger","I'm blown away by the quality of this racquet sport equipment. It's a game-changer for me. The precision and power it provides on the court are unmatched. The design is sleek, and every aspect of it feels premium. It's worth every penny and more."
"Racquet Sport","New Challenger","Wow! This racquet is a game-changer. From the moment I stepped onto the court with it, I felt like a pro. The control it offers is unparalleled, and the power behind each shot is impressive. It's transformed my game completely."
"Racquet Sport","New Challenger","I'm absolutely thrilled with my purchase of this racquet. It's a total game-changer. The control and power it provides on the court are unmatched. Plus, it looks sleek and feels incredibly comfortable to hold. I couldn't be happier."
"Racquet Sport","New Challenger","I can't praise this racquet enough. It's truly exceptional in every way. The power and precision it offers on the court are unmatched. Plus, it's incredibly lightweight and comfortable to use for long matches. It's exceeded all my expectations."
"Racquet Sport","New Challenger","This racquet is a game-changer. The moment I started using it, I felt a significant improvement in my game. The power and control it provides are unmatched, and it feels incredibly comfortable to hold. I couldn't be happier with my purchase."
"Racquet Sport","New Challenger","I'm absolutely thrilled with this racquet. It's a total game-changer for me. The power and precision it offers on the court are unmatched. Plus, it looks sleek and feels incredibly comfortable to hold. I couldn't be happier."
"Racquet Sport","New Challenger","I'm incredibly impressed with this racquet. It's transformed my game completely. The control it offers is unparalleled, and the power behind each shot is impressive. Plus, it's lightweight and comfortable to use for long matches."
"Racquet Sport","New Challenger","This racquet is hands down the best I've ever used. It's like it was tailor-made for my playing style. The control and power it provides are unmatched, and it feels incredibly comfortable to hold. I can't imagine playing without it now."
"Racquet Sport","New Challenger","I'm absolutely blown away by this racquet. It's exceeded all my expectations. The control and power it offers on the court are unmatched, and it feels incredibly comfortable to use. It's truly a game-changer."
"Racquet Sport","New Challenger","I'm beyond impressed with this racquet. It's completely transformed my game. The control and power it offers are unmatched, and it feels incredibly comfortable to hold. Plus, it looks sleek and stylish on the court. It's worth every penny."
